[{"model": "admin.logentry", "pk": 1, "fields": {"action_time": "2023-08-15T08:55:21.271Z", "user": 3, "content_type": 4, "object_id": "3", "object_repr": "adminKO", "action_flag": 2, "change_message": "[{\"changed\": {\"fields\": [\"Username\"]}}]"}}, {"model": "admin.logentry", "pk": 2, "fields": {"action_time": "2023-08-15T11:46:24.900Z", "user": 3, "content_type": 13, "object_id": "1", "object_repr": "/news/ -- News headline", "action_flag": 1, "change_message": "[{\"added\": {}}]"}}, {"model": "admin.logentry", "pk": 3, "fields": {"action_time": "2023-08-15T14:27:03.480Z", "user": 3, "content_type": 13, "object_id": "2", "object_repr": "/new/ -- Title new", "action_flag": 1, "change_message": "[{\"added\": {}}]"}}, {"model": "admin.logentry", "pk": 4, "fields": {"action_time": "2023-08-15T14:28:07.966Z", "user": 3, "content_type": 13, "object_id": "1", "object_repr": "/news/ -- News List", "action_flag": 2, "change_message": "[{\"changed\": {\"fields\": [\"Title\"]}}]"}}, {"model": "admin.logentry", "pk": 5, "fields": {"action_time": "2023-08-16T09:28:14.115Z", "user": 3, "content_type": 13, "object_id": "2", "object_repr": "/new/ -- Title new", "action_flag": 3, "change_message": ""}}, {"model": "admin.logentry", "pk": 6, "fields": {"action_time": "2023-08-16T09:28:17.786Z", "user": 3, "content_type": 13, "object_id": "1", "object_repr": "/news/ -- News List", "action_flag": 3, "change_message": ""}}, {"model": "admin.logentry", "pk": 7, "fields": {"action_time": "2023-08-16T10:01:09.822Z", "user": 3, "content_type": 10, "object_id": "3", "object_repr": "Something about travel: stupid article about a travel", "action_flag": 2, "change_message": "[{\"changed\": {\"fields\": [\"Content\"]}}]"}}, {"model": "admin.logentry", "pk": 8, "fields": {"action_time": "2023-08-16T13:47:51.242Z", "user": 3, "content_type": 10, "object_id": "1", "object_repr": "About Movie&Music: Some music news", "action_flag": 2, "change_message": "[{\"changed\": {\"fields\": [\"Header\", \"Content\"]}}]"}}, {"model": "admin.logentry", "pk": 9, "fields": {"action_time": "2023-08-16T13:50:32.082Z", "user": 3, "content_type": 7, "object_id": "1", "object_repr": "Comment object (1)", "action_flag": 2, "change_message": "[{\"changed\": {\"fields\": [\"Text\"]}}]"}}, {"model": "admin.logentry", "pk": 10, "fields": {"action_time": "2023-08-16T13:58:36.092Z", "user": 3, "content_type": 10, "object_id": "1", "object_repr": "About Movie&Music: News from the world of music", "action_flag": 2, "change_message": "[{\"changed\": {\"fields\": [\"Content\"]}}]"}}, {"model": "admin.logentry", "pk": 11, "fields": {"action_time": "2023-08-16T14:02:28.811Z", "user": 3, "content_type": 10, "object_id": "3", "object_repr": "Something about travel: Stupid article about a travel", "action_flag": 2, "change_message": "[{\"changed\": {\"fields\": [\"Content\"]}}]"}}, {"model": "admin.logentry", "pk": 12, "fields": {"action_time": "2023-08-16T14:02:34.741Z", "user": 3, "content_type": 10, "object_id": "2", "object_repr": "Something about sport: Article about a sporting event", "action_flag": 2, "change_message": "[{\"changed\": {\"fields\": [\"Content\"]}}]"}}, {"model": "admin.logentry", "pk": 13, "fields": {"action_time": "2023-08-28T14:10:03.816Z", "user": 3, "content_type": 12, "object_id": "1", "object_repr": "127.0.0.1", "action_flag": 2, "change_message": "[{\"changed\": {\"fields\": [\"Domain name\"]}}]"}}, {"model": "admin.logentry", "pk": 14, "fields": {"action_time": "2023-08-28T14:39:28.167Z", "user": 3, "content_type": 17, "object_id": "1", "object_repr": "Google", "action_flag": 1, "change_message": "[{\"added\": {}}]"}}, {"model": "admin.logentry", "pk": 15, "fields": {"action_time": "2023-08-28T15:32:15.835Z", "user": 3, "content_type": 3, "object_id": "1", "object_repr": "common", "action_flag": 1, "change_message": "[{\"added\": {}}]"}}, {"model": "admin.logentry", "pk": 16, "fields": {"action_time": "2023-08-28T15:33:08.492Z", "user": 3, "content_type": 3, "object_id": "2", "object_repr": "authors", "action_flag": 1, "change_message": "[{\"added\": {}}]"}}, {"model": "admin.logentry", "pk": 17, "fields": {"action_time": "2023-08-28T15:39:46.350Z", "user": 3, "content_type": 4, "object_id": "2", "object_repr": "Bill", "action_flag": 2, "change_message": "[{\"changed\": {\"fields\": [\"password\"]}}]"}}, {"model": "admin.logentry", "pk": 18, "fields": {"action_time": "2023-08-28T15:40:39.169Z", "user": 3, "content_type": 4, "object_id": "2", "object_repr": "Bill", "action_flag": 2, "change_message": "[{\"changed\": {\"fields\": [\"First name\", \"Email address\", \"Groups\"]}}]"}}, {"model": "admin.logentry", "pk": 19, "fields": {"action_time": "2023-08-28T15:41:08.247Z", "user": 3, "content_type": 4, "object_id": "1", "object_repr": "Max", "action_flag": 2, "change_message": "[{\"changed\": {\"fields\": [\"password\"]}}]"}}, {"model": "admin.logentry", "pk": 20, "fields": {"action_time": "2023-08-28T15:41:44.358Z", "user": 3, "content_type": 4, "object_id": "1", "object_repr": "Max", "action_flag": 2, "change_message": "[{\"changed\": {\"fields\": [\"First name\", \"Email address\", \"Groups\"]}}]"}}, {"model": "admin.logentry", "pk": 21, "fields": {"action_time": "2023-08-28T15:42:13.811Z", "user": 3, "content_type": 4, "object_id": "1", "object_repr": "Max", "action_flag": 2, "change_message": "[{\"changed\": {\"fields\": [\"Email address\"]}}]"}}, {"model": "admin.logentry", "pk": 22, "fields": {"action_time": "2023-08-28T16:00:51.679Z", "user": 3, "content_type": 4, "object_id": "5", "object_repr": "jan", "action_flag": 3, "change_message": ""}}, {"model": "admin.logentry", "pk": 23, "fields": {"action_time": "2023-08-29T13:38:06.122Z", "user": 3, "content_type": 3, "object_id": "2", "object_repr": "authors", "action_flag": 2, "change_message": "[{\"changed\": {\"fields\": [\"Permissions\"]}}]"}}, {"model": "admin.logentry", "pk": 24, "fields": {"action_time": "2023-08-29T14:59:38.947Z", "user": 3, "content_type": 3, "object_id": "2", "object_repr": "authors", "action_flag": 2, "change_message": "[{\"changed\": {\"fields\": [\"Permissions\"]}}]"}}, {"model": "admin.logentry", "pk": 25, "fields": {"action_time": "2023-09-05T15:25:21.338Z", "user": 3, "content_type": 4, "object_id": "4", "object_repr": "oleg", "action_flag": 2, "change_message": "[{\"changed\": {\"fields\": [\"Groups\"]}}]"}}, {"model": "admin.logentry", "pk": 26, "fields": {"action_time": "2023-09-05T18:31:22.438Z", "user": 3, "content_type": 4, "object_id": "8", "object_repr": "vrem.cod", "action_flag": 2, "change_message": "[{\"changed\": {\"fields\": [\"password\"]}}]"}}, {"model": "admin.logentry", "pk": 27, "fields": {"action_time": "2023-09-05T20:09:46.994Z", "user": 3, "content_type": 4, "object_id": "9", "object_repr": "oleg5", "action_flag": 2, "change_message": "[{\"changed\": {\"fields\": [\"password\"]}}]"}}, {"model": "admin.logentry", "pk": 28, "fields": {"action_time": "2023-09-05T20:10:20.600Z", "user": 3, "content_type": 4, "object_id": "4", "object_repr": "oleg", "action_flag": 2, "change_message": "[{\"changed\": {\"fields\": [\"password\"]}}]"}}, {"model": "admin.logentry", "pk": 29, "fields": {"action_time": "2023-09-06T18:32:02.494Z", "user": 3, "content_type": 9, "object_id": "5", "object_repr": "Economy", "action_flag": 1, "change_message": "[{\"added\": {}}]"}}, {"model": "admin.logentry", "pk": 30, "fields": {"action_time": "2023-09-06T19:03:49.290Z", "user": 3, "content_type": 4, "object_id": "2", "object_repr": "Bill", "action_flag": 2, "change_message": "[{\"changed\": {\"fields\": [\"password\"]}}]"}}, {"model": "admin.logentry", "pk": 31, "fields": {"action_time": "2023-09-06T19:10:05.863Z", "user": 3, "content_type": 4, "object_id": "8", "object_repr": "vrem.cod", "action_flag": 2, "change_message": "[{\"changed\": {\"fields\": [\"password\"]}}]"}}, {"model": "admin.logentry", "pk": 32, "fields": {"action_time": "2023-09-06T19:13:15.826Z", "user": 3, "content_type": 4, "object_id": "12", "object_repr": "oleg18.09", "action_flag": 2, "change_message": "[{\"changed\": {\"fields\": [\"password\"]}}]"}}, {"model": "admin.logentry", "pk": 33, "fields": {"action_time": "2023-09-06T19:32:07.585Z", "user": 3, "content_type": 4, "object_id": "8", "object_repr": "vrem.cod", "action_flag": 3, "change_message": ""}}, {"model": "admin.logentry", "pk": 34, "fields": {"action_time": "2023-09-07T08:09:58.596Z", "user": 3, "content_type": 4, "object_id": "10", "object_repr": "vrem.cod1", "action_flag": 3, "change_message": ""}}, {"model": "admin.logentry", "pk": 35, "fields": {"action_time": "2023-09-07T08:10:32.600Z", "user": 3, "content_type": 4, "object_id": "9", "object_repr": "oleg5", "action_flag": 2, "change_message": "[{\"changed\": {\"fields\": [\"password\"]}}]"}}, {"model": "admin.logentry", "pk": 36, "fields": {"action_time": "2023-09-07T10:06:25.544Z", "user": 3, "content_type": 4, "object_id": "6", "object_repr": "jan5", "action_flag": 2, "change_message": "[{\"changed\": {\"fields\": [\"password\"]}}]"}}, {"model": "admin.logentry", "pk": 37, "fields": {"action_time": "2023-09-07T10:07:17.295Z", "user": 3, "content_type": 4, "object_id": "9", "object_repr": "oleg5", "action_flag": 2, "change_message": "[{\"changed\": {\"fields\": [\"Groups\"]}}]"}}, {"model": "admin.logentry", "pk": 38, "fields": {"action_time": "2023-09-07T12:53:53.409Z", "user": 3, "content_type": 4, "object_id": "11", "object_repr": "okonda2020", "action_flag": 3, "change_message": ""}}, {"model": "admin.logentry", "pk": 39, "fields": {"action_time": "2023-09-08T13:43:37.229Z", "user": 3, "content_type": 12, "object_id": "1", "object_repr": "127.0.0.1", "action_flag": 2, "change_message": "[{\"changed\": {\"fields\": [\"Display name\"]}}]"}}, {"model": "admin.logentry", "pk": 40, "fields": {"action_time": "2023-09-09T10:31:08.484Z", "user": 3, "content_type": 4, "object_id": "14", "object_repr": "okonda2020", "action_flag": 3, "change_message": ""}}, {"model": "admin.logentry", "pk": 41, "fields": {"action_time": "2023-09-09T10:46:48.224Z", "user": 3, "content_type": 4, "object_id": "18", "object_repr": "okonda20202", "action_flag": 3, "change_message": ""}}, {"model": "admin.logentry", "pk": 42, "fields": {"action_time": "2023-09-09T10:48:28.010Z", "user": 3, "content_type": 4, "object_id": "15", "object_repr": "okonda2020", "action_flag": 3, "change_message": ""}}, {"model": "auth.permission", "pk": 1, "fields": {"name": "Can add log entry", "content_type": 1, "codename": "add_logentry"}}, {"model": "auth.permission", "pk": 2, "fields": {"name": "Can change log entry", "content_type": 1, "codename": "change_logentry"}}, {"model": "auth.permission", "pk": 3, "fields": {"name": "Can delete log entry", "content_type": 1, "codename": "delete_logentry"}}, {"model": "auth.permission", "pk": 4, "fields": {"name": "Can view log entry", "content_type": 1, "codename": "view_logentry"}}, {"model": "auth.permission", "pk": 5, "fields": {"name": "Can add permission", "content_type": 2, "codename": "add_permission"}}, {"model": "auth.permission", "pk": 6, "fields": {"name": "Can change permission", "content_type": 2, "codename": "change_permission"}}, {"model": "auth.permission", "pk": 7, "fields": {"name": "Can delete permission", "content_type": 2, "codename": "delete_permission"}}, {"model": "auth.permission", "pk": 8, "fields": {"name": "Can view permission", "content_type": 2, "codename": "view_permission"}}, {"model": "auth.permission", "pk": 9, "fields": {"name": "Can add group", "content_type": 3, "codename": "add_group"}}, {"model": "auth.permission", "pk": 10, "fields": {"name": "Can change group", "content_type": 3, "codename": "change_group"}}, {"model": "auth.permission", "pk": 11, "fields": {"name": "Can delete group", "content_type": 3, "codename": "delete_group"}}, {"model": "auth.permission", "pk": 12, "fields": {"name": "Can view group", "content_type": 3, "codename": "view_group"}}, {"model": "auth.permission", "pk": 13, "fields": {"name": "Can add user", "content_type": 4, "codename": "add_user"}}, {"model": "auth.permission", "pk": 14, "fields": {"name": "Can change user", "content_type": 4, "codename": "change_user"}}, {"model": "auth.permission", "pk": 15, "fields": {"name": "Can delete user", "content_type": 4, "codename": "delete_user"}}, {"model": "auth.permission", "pk": 16, "fields": {"name": "Can view user", "content_type": 4, "codename": "view_user"}}, {"model": "auth.permission", "pk": 17, "fields": {"name": "Can add content type", "content_type": 5, "codename": "add_contenttype"}}, {"model": "auth.permission", "pk": 18, "fields": {"name": "Can change content type", "content_type": 5, "codename": "change_contenttype"}}, {"model": "auth.permission", "pk": 19, "fields": {"name": "Can delete content type", "content_type": 5, "codename": "delete_contenttype"}}, {"model": "auth.permission", "pk": 20, "fields": {"name": "Can view content type", "content_type": 5, "codename": "view_contenttype"}}, {"model": "auth.permission", "pk": 21, "fields": {"name": "Can add session", "content_type": 6, "codename": "add_session"}}, {"model": "auth.permission", "pk": 22, "fields": {"name": "Can change session", "content_type": 6, "codename": "change_session"}}, {"model": "auth.permission", "pk": 23, "fields": {"name": "Can delete session", "content_type": 6, "codename": "delete_session"}}, {"model": "auth.permission", "pk": 24, "fields": {"name": "Can view session", "content_type": 6, "codename": "view_session"}}, {"model": "auth.permission", "pk": 25, "fields": {"name": "Can add comment", "content_type": 7, "codename": "add_comment"}}, {"model": "auth.permission", "pk": 26, "fields": {"name": "Can change comment", "content_type": 7, "codename": "change_comment"}}, {"model": "auth.permission", "pk": 27, "fields": {"name": "Can delete comment", "content_type": 7, "codename": "delete_comment"}}, {"model": "auth.permission", "pk": 28, "fields": {"name": "Can view comment", "content_type": 7, "codename": "view_comment"}}, {"model": "auth.permission", "pk": 29, "fields": {"name": "Can add author", "content_type": 8, "codename": "add_author"}}, {"model": "auth.permission", "pk": 30, "fields": {"name": "Can change author", "content_type": 8, "codename": "change_author"}}, {"model": "auth.permission", "pk": 31, "fields": {"name": "Can delete author", "content_type": 8, "codename": "delete_author"}}, {"model": "auth.permission", "pk": 32, "fields": {"name": "Can view author", "content_type": 8, "codename": "view_author"}}, {"model": "auth.permission", "pk": 33, "fields": {"name": "Can add category", "content_type": 9, "codename": "add_category"}}, {"model": "auth.permission", "pk": 34, "fields": {"name": "Can change category", "content_type": 9, "codename": "change_category"}}, {"model": "auth.permission", "pk": 35, "fields": {"name": "Can delete category", "content_type": 9, "codename": "delete_category"}}, {"model": "auth.permission", "pk": 36, "fields": {"name": "Can view category", "content_type": 9, "codename": "view_category"}}, {"model": "auth.permission", "pk": 37, "fields": {"name": "Can add post", "content_type": 10, "codename": "add_post"}}, {"model": "auth.permission", "pk": 38, "fields": {"name": "Can change post", "content_type": 10, "codename": "change_post"}}, {"model": "auth.permission", "pk": 39, "fields": {"name": "Can delete post", "content_type": 10, "codename": "delete_post"}}, {"model": "auth.permission", "pk": 40, "fields": {"name": "Can view post", "content_type": 10, "codename": "view_post"}}, {"model": "auth.permission", "pk": 41, "fields": {"name": "Can add post category", "content_type": 11, "codename": "add_postcategory"}}, {"model": "auth.permission", "pk": 42, "fields": {"name": "Can change post category", "content_type": 11, "codename": "change_postcategory"}}, {"model": "auth.permission", "pk": 43, "fields": {"name": "Can delete post category", "content_type": 11, "codename": "delete_postcategory"}}, {"model": "auth.permission", "pk": 44, "fields": {"name": "Can view post category", "content_type": 11, "codename": "view_postcategory"}}, {"model": "auth.permission", "pk": 45, "fields": {"name": "Can add site", "content_type": 12, "codename": "add_site"}}, {"model": "auth.permission", "pk": 46, "fields": {"name": "Can change site", "content_type": 12, "codename": "change_site"}}, {"model": "auth.permission", "pk": 47, "fields": {"name": "Can delete site", "content_type": 12, "codename": "delete_site"}}, {"model": "auth.permission", "pk": 48, "fields": {"name": "Can view site", "content_type": 12, "codename": "view_site"}}, {"model": "auth.permission", "pk": 49, "fields": {"name": "Can add flat page", "content_type": 13, "codename": "add_flatpage"}}, {"model": "auth.permission", "pk": 50, "fields": {"name": "Can change flat page", "content_type": 13, "codename": "change_flatpage"}}, {"model": "auth.permission", "pk": 51, "fields": {"name": "Can delete flat page", "content_type": 13, "codename": "delete_flatpage"}}, {"model": "auth.permission", "pk": 52, "fields": {"name": "Can view flat page", "content_type": 13, "codename": "view_flatpage"}}, {"model": "auth.permission", "pk": 53, "fields": {"name": "Can add email address", "content_type": 14, "codename": "add_emailaddress"}}, {"model": "auth.permission", "pk": 54, "fields": {"name": "Can change email address", "content_type": 14, "codename": "change_emailaddress"}}, {"model": "auth.permission", "pk": 55, "fields": {"name": "Can delete email address", "content_type": 14, "codename": "delete_emailaddress"}}, {"model": "auth.permission", "pk": 56, "fields": {"name": "Can view email address", "content_type": 14, "codename": "view_emailaddress"}}, {"model": "auth.permission", "pk": 57, "fields": {"name": "Can add email confirmation", "content_type": 15, "codename": "add_emailconfirmation"}}, {"model": "auth.permission", "pk": 58, "fields": {"name": "Can change email confirmation", "content_type": 15, "codename": "change_emailconfirmation"}}, {"model": "auth.permission", "pk": 59, "fields": {"name": "Can delete email confirmation", "content_type": 15, "codename": "delete_emailconfirmation"}}, {"model": "auth.permission", "pk": 60, "fields": {"name": "Can view email confirmation", "content_type": 15, "codename": "view_emailconfirmation"}}, {"model": "auth.permission", "pk": 61, "fields": {"name": "Can add social account", "content_type": 16, "codename": "add_socialaccount"}}, {"model": "auth.permission", "pk": 62, "fields": {"name": "Can change social account", "content_type": 16, "codename": "change_socialaccount"}}, {"model": "auth.permission", "pk": 63, "fields": {"name": "Can delete social account", "content_type": 16, "codename": "delete_socialaccount"}}, {"model": "auth.permission", "pk": 64, "fields": {"name": "Can view social account", "content_type": 16, "codename": "view_socialaccount"}}, {"model": "auth.permission", "pk": 65, "fields": {"name": "Can add social application", "content_type": 17, "codename": "add_socialapp"}}, {"model": "auth.permission", "pk": 66, "fields": {"name": "Can change social application", "content_type": 17, "codename": "change_socialapp"}}, {"model": "auth.permission", "pk": 67, "fields": {"name": "Can delete social application", "content_type": 17, "codename": "delete_socialapp"}}, {"model": "auth.permission", "pk": 68, "fields": {"name": "Can view social application", "content_type": 17, "codename": "view_socialapp"}}, {"model": "auth.permission", "pk": 69, "fields": {"name": "Can add social application token", "content_type": 18, "codename": "add_socialtoken"}}, {"model": "auth.permission", "pk": 70, "fields": {"name": "Can change social application token", "content_type": 18, "codename": "change_socialtoken"}}, {"model": "auth.permission", "pk": 71, "fields": {"name": "Can delete social application token", "content_type": 18, "codename": "delete_socialtoken"}}, {"model": "auth.permission", "pk": 72, "fields": {"name": "Can view social application token", "content_type": 18, "codename": "view_socialtoken"}}, {"model": "auth.permission", "pk": 73, "fields": {"name": "Can add django job", "content_type": 19, "codename": "add_djangojob"}}, {"model": "auth.permission", "pk": 74, "fields": {"name": "Can change django job", "content_type": 19, "codename": "change_djangojob"}}, {"model": "auth.permission", "pk": 75, "fields": {"name": "Can delete django job", "content_type": 19, "codename": "delete_djangojob"}}, {"model": "auth.permission", "pk": 76, "fields": {"name": "Can view django job", "content_type": 19, "codename": "view_djangojob"}}, {"model": "auth.permission", "pk": 77, "fields": {"name": "Can add django job execution", "content_type": 20, "codename": "add_djangojobexecution"}}, {"model": "auth.permission", "pk": 78, "fields": {"name": "Can change django job execution", "content_type": 20, "codename": "change_djangojobexecution"}}, {"model": "auth.permission", "pk": 79, "fields": {"name": "Can delete django job execution", "content_type": 20, "codename": "delete_djangojobexecution"}}, {"model": "auth.permission", "pk": 80, "fields": {"name": "Can view django job execution", "content_type": 20, "codename": "view_djangojobexecution"}}, {"model": "auth.group", "pk": 1, "fields": {"name": "common", "permissions": []}}, {"model": "auth.group", "pk": 2, "fields": {"name": "authors", "permissions": [37, 38, 39]}}, {"model": "auth.user", "pk": 1, "fields": {"password": "pbkdf2_sha256$600000$cEdEhDcmEIJbNBz6zP9lQp$f+FRH1kagej0i86HSSO93XtWcF5VlSckAB7wFTwPi0M=", "last_login": null, "is_superuser": false, "username": "Max", "first_name": "Max", "last_name": "", "email": "maxi@example.com", "is_staff": false, "is_active": true, "date_joined": "2023-08-08T15:25:18Z", "groups": [1, 2], "user_permissions": []}}, {"model": "auth.user", "pk": 2, "fields": {"password": "pbkdf2_sha256$600000$WDU6QrowXZCR7KlP1yBlB9$nSZty1Ys6e8SXW8uO5DAwDgIl7W9+1S/r9QoQhn34MI=", "last_login": "2023-09-13T09:53:19.441Z", "is_superuser": false, "username": "Bill", "first_name": "Bill", "last_name": "", "email": "billi@example.com", "is_staff": false, "is_active": true, "date_joined": "2023-08-08T15:27:58Z", "groups": [1, 2], "user_permissions": []}}, {"model": "auth.user", "pk": 3, "fields": {"password": "pbkdf2_sha256$600000$l1qbvroSEZtMhAVghlpVem$ryuLaSlHh6OueTAuTQSA1llK9iiNQvHiqeUFbkVtg+I=", "last_login": "2023-09-09T10:48:19.593Z", "is_superuser": true, "username": "adminKO", "first_name": "", "last_name": "", "email": "", "is_staff": true, "is_active": true, "date_joined": "2023-08-15T08:46:26Z", "groups": [], "user_permissions": []}}, {"model": "auth.user", "pk": 4, "fields": {"password": "pbkdf2_sha256$600000$0nEgob1XNRuyEyUq5pUlEF$6r+jfXu/x/wiCX3U47H0KMBaN66xteugqQ5eCtWZrUc=", "last_login": "2023-09-06T18:35:25.158Z", "is_superuser": false, "username": "oleg", "first_name": "Oleg", "last_name": "", "email": "haelgi42@gmail.com", "is_staff": false, "is_active": true, "date_joined": "2023-08-28T14:41:39Z", "groups": [1, 2], "user_permissions": []}}, {"model": "auth.user", "pk": 6, "fields": {"password": "pbkdf2_sha256$600000$7xkmBUOrSX7qrHd9GNBQ2e$Nd0ZUUqr9uo5wFQ65lLzgOM7gtN4h+/GdSSF2WFPNOk=", "last_login": "2023-08-29T15:01:08.424Z", "is_superuser": false, "username": "jan5", "first_name": "", "last_name": "", "email": "jan@example.com", "is_staff": false, "is_active": true, "date_joined": "2023-08-28T15:59:39.307Z", "groups": [1], "user_permissions": []}}, {"model": "auth.user", "pk": 7, "fields": {"password": "pbkdf2_sha256$600000$sfWXHANAGTmghGWONCt45N$bEaKcCjg9nmAwIzNAsvffKiD6CKGs521HAqzUkHLtLo=", "last_login": "2023-09-06T11:00:48.437Z", "is_superuser": false, "username": "kate", "first_name": "", "last_name": "", "email": "kate@example.com", "is_staff": false, "is_active": true, "date_joined": "2023-08-29T13:14:30.437Z", "groups": [1, 2], "user_permissions": []}}, {"model": "auth.user", "pk": 9, "fields": {"password": "pbkdf2_sha256$600000$d8ryGoUuU0oqG2z8zAGG3R$W0qjjm+R/3f3pgxHWXaG4mu+gd+XRxZG8Jg//TXGpTA=", "last_login": "2023-09-07T10:08:45.621Z", "is_superuser": false, "username": "oleg5", "first_name": "OleG", "last_name": "╩", "email": "olegk18.09@gmail.com", "is_staff": false, "is_active": true, "date_joined": "2023-09-05T18:23:24Z", "groups": [2], "user_permissions": []}}, {"model": "auth.user", "pk": 12, "fields": {"password": "pbkdf2_sha256$600000$vFWBHGShK1V1aM45b5UhZj$gzdHx+fC9Qb7r2hPivoOAPiPeAogIeiXSHXfYSqmTYY=", "last_login": "2023-09-06T19:13:33.542Z", "is_superuser": false, "username": "oleg18.09", "first_name": "", "last_name": "", "email": "oleg18.09@mail.ru", "is_staff": false, "is_active": true, "date_joined": "2023-09-06T13:42:32.726Z", "groups": [1, 2], "user_permissions": []}}, {"model": "auth.user", "pk": 13, "fields": {"password": "pbkdf2_sha256$600000$QprcCijTMx7NLSN4GMq33m$3Q6I/cYPbLt8DlKO9suoPWhInxWzBr+lX6lCdeuRG+A=", "last_login": "2023-09-07T08:07:50.419Z", "is_superuser": false, "username": "vrem.kod", "first_name": "", "last_name": "", "email": "vrem.kod@yandex.ru", "is_staff": false, "is_active": true, "date_joined": "2023-09-07T08:06:57.769Z", "groups": [1, 2], "user_permissions": []}}, {"model": "auth.user", "pk": 16, "fields": {"password": "pbkdf2_sha256$600000$5nopSm0RvF3WIkeIkklkS7$kdsjQno1ScOEUNRVjq4TpSWHb+NZlivwRqWvCJ5o5NA=", "last_login": null, "is_superuser": false, "username": "okonda20208", "first_name": "", "last_name": "", "email": "okonda2020@outlook.com", "is_staff": false, "is_active": true, "date_joined": "2023-09-09T10:32:35.076Z", "groups": [], "user_permissions": []}}, {"model": "auth.user", "pk": 17, "fields": {"password": "pbkdf2_sha256$600000$o5ZTMn08OtDtnEzh9RP2U7$nFTUuyTkxfEszLeX0BM28dqmdFNL0P8VoWJCk2qWa98=", "last_login": null, "is_superuser": false, "username": "okonda20204", "first_name": "", "last_name": "", "email": "okonda2020@outlook.com", "is_staff": false, "is_active": true, "date_joined": "2023-09-09T10:42:59.183Z", "groups": [1], "user_permissions": []}}, {"model": "auth.user", "pk": 19, "fields": {"password": "pbkdf2_sha256$600000$ca1nozAvPhXs4PegqIxL1e$bKJ2GV2w48r9MTS8iRTJshbVZLyhVRXZadcow7o+6+8=", "last_login": null, "is_superuser": false, "username": "okonda2020", "first_name": "", "last_name": "", "email": "okonda2020@outlook.com", "is_staff": false, "is_active": true, "date_joined": "2023-09-09T10:49:02.467Z", "groups": [], "user_permissions": []}}, {"model": "auth.user", "pk": 20, "fields": {"password": "pbkdf2_sha256$600000$21bIPD0pSGr52hw8uLEj7j$cfitTRN36WrZW0w4aQgSKnITlnPcEaWXppa4JD5oUsE=", "last_login": null, "is_superuser": false, "username": "okonda20203", "first_name": "", "last_name": "", "email": "okonda2020@outlook.com", "is_staff": false, "is_active": true, "date_joined": "2023-09-09T10:49:36.027Z", "groups": [1], "user_permissions": []}}, {"model": "contenttypes.contenttype", "pk": 1, "fields": {"app_label": "admin", "model": "logentry"}}, {"model": "contenttypes.contenttype", "pk": 2, "fields": {"app_label": "auth", "model": "permission"}}, {"model": "contenttypes.contenttype", "pk": 3, "fields": {"app_label": "auth", "model": "group"}}, {"model": "contenttypes.contenttype", "pk": 4, "fields": {"app_label": "auth", "model": "user"}}, {"model": "contenttypes.contenttype", "pk": 5, "fields": {"app_label": "contenttypes", "model": "contenttype"}}, {"model": "contenttypes.contenttype", "pk": 6, "fields": {"app_label": "sessions", "model": "session"}}, {"model": "contenttypes.contenttype", "pk": 7, "fields": {"app_label": "news", "model": "comment"}}, {"model": "contenttypes.contenttype", "pk": 8, "fields": {"app_label": "news", "model": "author"}}, {"model": "contenttypes.contenttype", "pk": 9, "fields": {"app_label": "news", "model": "category"}}, {"model": "contenttypes.contenttype", "pk": 10, "fields": {"app_label": "news", "model": "post"}}, {"model": "contenttypes.contenttype", "pk": 11, "fields": {"app_label": "news", "model": "postcategory"}}, {"model": "contenttypes.contenttype", "pk": 12, "fields": {"app_label": "sites", "model": "site"}}, {"model": "contenttypes.contenttype", "pk": 13, "fields": {"app_label": "flatpages", "model": "flatpage"}}, {"model": "contenttypes.contenttype", "pk": 14, "fields": {"app_label": "account", "model": "emailaddress"}}, {"model": "contenttypes.contenttype", "pk": 15, "fields": {"app_label": "account", "model": "emailconfirmation"}}, {"model": "contenttypes.contenttype", "pk": 16, "fields": {"app_label": "socialaccount", "model": "socialaccount"}}, {"model": "contenttypes.contenttype", "pk": 17, "fields": {"app_label": "socialaccount", "model": "socialapp"}}, {"model": "contenttypes.contenttype", "pk": 18, "fields": {"app_label": "socialaccount", "model": "socialtoken"}}, {"model": "contenttypes.contenttype", "pk": 19, "fields": {"app_label": "django_apscheduler", "model": "djangojob"}}, {"model": "contenttypes.contenttype", "pk": 20, "fields": {"app_label": "django_apscheduler", "model": "djangojobexecution"}}, {"model": "sessions.session", "pk": "7v6vjodye8o3d2utxc89zge1zf44l6pr", "fields": {"session_data": ".eJxVjcsOgyAQRf-FdWNEeYi7-iNkHIZAarARTNo0_fdK46Jd3te5L2ZhL8HumTYbHRtZxy6_3gx4o1QDWJZqN4C47qk0384Z5-Z6KEolIpS4pulc_aEC5HBwuCL0om-VkQI0qW4e9CCNRwlKIHoFqMA7o0GgQMNBtq6TvneSC03AKzRTzseNpcc9bk82tu8Py7RD7g:1qgMYh:v9c8MUKYKKNN07LHYGmkEHCDZvwX1ud6I8teCzEngPw", "expire_date": "2023-09-27T09:53:19.466Z"}}, {"model": "sessions.session", "pk": "ek384bhd382jqmbh788mwxta5o6f8hlx", "fields": {"session_data": ".eJxVjDEOwjAMRe-SGUVxnQTKyM4ZKie2aQElUtNOiLtDpQ6w_vfef5mB1mUc1ibzMLE5GzSH3y1RfkjZAN-p3KrNtSzzlOym2J02e60sz8vu_h2M1MZv3eEJQfvYZU7MUTQzCObUo1CQADGoC-jVO3UEgQTRg_dJXTwqBDDvD_h1N-8:1qVpmb:J2Q92F1ONnOd6ZqSDUDL7Phmxw6MWQe9FHqjhKCmkbI", "expire_date": "2023-08-29T08:52:09.996Z"}}, {"model": "sessions.session", "pk": "fnv9n11wdv9r13iajgvfm27fukytgloy", "fields": {"session_data": ".eJxVjDEOwjAMRe-SGUVxnQTKyM4ZKie2aQElUtNOiLtDpQ6w_vfef5mB1mUc1ibzMLE5GzSH3y1RfkjZAN-p3KrNtSzzlOym2J02e60sz8vu_h2M1MZv3eEJQfvYZU7MUTQzCObUo1CQADGoC-jVO3UEgQTRg_dJXTwqBDDvD_h1N-8:1qVzWc:oq0MmYs1HYJXVAYAppdCi0zKRNE4dnziloJVkoDVSYk", "expire_date": "2023-08-29T19:16:18.531Z"}}, {"model": "sessions.session", "pk": "jayutdu8qllf0mjgczh9riet5s0wv635", "fields": {"session_data": ".eJxVjDEOwjAMRe-SGUVxnQTKyM4ZKie2aQElUtNOiLtDpQ6w_vfef5mB1mUc1ibzMLE5GzSH3y1RfkjZAN-p3KrNtSzzlOym2J02e60sz8vu_h2M1MZv3eEJQfvYZU7MUTQzCObUo1CQADGoC-jVO3UEgQTRg_dJXTwqBDDvD_h1N-8:1qWDFW:tzU5X3Jl51LaemmNYCL2zA2hLZMoNa0AP3qN4Moban4", "expire_date": "2023-08-30T09:55:34.519Z"}}, {"model": "sessions.session", "pk": "p1hn5i63odh1wnm20bi2abiw6lmdfb1t", "fields": {"session_data": ".eJxVjcEKgzAQRP9lz0Wyq0b01v5I2GwSDJVYTARL6b9XixePM_Nm5gMm-5zjnIzfXnF5w6BuYHgto1mzX0x0MADBxbMsT5-OgKfpsCsWmddUqj9zxrm678qnEoXLfvA4W5epkfN4HGjdO0GqsQltINbCmrm21pElsV2rUEuDHSI77ITDzhKhUqFX0jY9fH8tVUNO:1qdtQ5:ER8NZkG8oDhRrpHbXxya8lg5GOpB2t8Ikv5r0eAa5wI", "expire_date": "2023-09-20T14:22:13.437Z"}}, {"model": "sessions.session", "pk": "xjls0q8b1spcvw37y385y5nve8j2ly90", "fields": {"session_data": ".eJxVjcsOgyAQRf-FdWNEeYi7-iNkHIZAarARTNo0_fdK46Jd3te5L2ZhL8HumTYbHRtZxy6_3gx4o1QDWJZqN4C47qk0384Z5-Z6KEolIpS4pulc_aEC5HBwuCL0om-VkQI0qW4e9CCNRwlKIHoFqMA7o0GgQMNBtq6TvneSC03AKzRTzseNpcc9bk82tu8Py7RD7g:1qecVM:da9V3Zgp06CBMmdZlhVO3_b6L8AsvZR5GJ1lbRbjZa0", "expire_date": "2023-09-22T14:30:40.299Z"}}, {"model": "news.author", "pk": 1, "fields": {"authorUser": 1, "rating": 6}}, {"model": "news.author", "pk": 2, "fields": {"authorUser": 2, "rating": 9}}, {"model": "news.author", "pk": 3, "fields": {"authorUser": 9, "rating": 0}}, {"model": "news.category", "pk": 1, "fields": {"category_name": "Sport", "subscribers": [2, 3, 4, 7, 9]}}, {"model": "news.category", "pk": 2, "fields": {"category_name": "Travel news", "subscribers": [2, 4, 7, 9]}}, {"model": "news.category", "pk": 3, "fields": {"category_name": "Movie & Music", "subscribers": [2, 4, 7, 9]}}, {"model": "news.category", "pk": 4, "fields": {"category_name": "Auto", "subscribers": [2, 4, 7, 9]}}, {"model": "news.category", "pk": 5, "fields": {"category_name": "Economy", "subscribers": [4, 13]}}, {"model": "news.post", "pk": 1, "fields": {"author": 1, "type_post": "NW", "date_created": "2023-08-08T16:10:46.155Z", "header": "About Movie&Music", "content": "News from the world of music", "post_rating": 1}}, {"model": "news.post", "pk": 2, "fields": {"author": 1, "type_post": "AR", "date_created": "2023-08-09T13:04:58.101Z", "header": "Something about sport", "content": "Article about a sporting event", "post_rating": 0}}, {"model": "news.post", "pk": 5, "fields": {"author": 1, "type_post": "NW", "date_created": "2023-08-21T14:40:48.407Z", "header": "About Movie&Music_2", "content": "", "post_rating": 0}}, {"model": "news.post", "pk": 9, "fields": {"author": 1, "type_post": "NW", "date_created": "2023-08-22T11:03:14.257Z", "header": "Article about Sport Car", "content": "", "post_rating": 0}}, {"model": "news.post", "pk": 18, "fields": {"author": 1, "type_post": "NW", "date_created": "2023-08-22T13:04:27.640Z", "header": "News from Football Championship", "content": "", "post_rating": 0}}, {"model": "news.post", "pk": 20, "fields": {"author": 2, "type_post": "AR", "date_created": "2023-08-22T13:39:26.600Z", "header": "Article about Hellfest 2023", "content": "Something about a chedule and the guests of the festival.", "post_rating": 0}}, {"model": "news.post", "pk": 21, "fields": {"author": 2, "type_post": "AR", "date_created": "2023-08-22T14:28:03.610Z", "header": "Article about Football Championship", "content": "Something about Football Championship, something about Football Championship", "post_rating": 0}}, {"model": "news.post", "pk": 23, "fields": {"author": 2, "type_post": "NW", "date_created": "2023-08-23T10:09:30.356Z", "header": "News about Auto", "content": "News from motor show in Las Vegas", "post_rating": 0}}, {"model": "news.post", "pk": 24, "fields": {"author": 1, "type_post": "NW", "date_created": "2023-08-23T10:12:02.521Z", "header": "About Travel", "content": "Something about a trip to the mountains", "post_rating": 0}}, {"model": "news.post", "pk": 25, "fields": {"author": 1, "type_post": "AR", "date_created": "2023-08-23T10:14:35.912Z", "header": "Article about Car_2", "content": "Article about a motor show in Las Vegas2023", "post_rating": 0}}, {"model": "news.post", "pk": 26, "fields": {"author": 2, "type_post": "AR", "date_created": "2023-08-23T10:21:43.546Z", "header": "About Movie&Music", "content": "Film making article, film making article", "post_rating": 0}}, {"model": "news.post", "pk": 27, "fields": {"author": 2, "type_post": "AR", "date_created": "2023-08-23T10:22:52.757Z", "header": "About Movie&Music", "content": "Article about actors, article about actors", "post_rating": 0}}, {"model": "news.post", "pk": 28, "fields": {"author": 2, "type_post": "AR", "date_created": "2023-08-23T10:24:19.239Z", "header": "Article about Car_3", "content": "Something about cars, something about cars, something about cars", "post_rating": 0}}, {"model": "news.post", "pk": 29, "fields": {"author": 1, "type_post": "AR", "date_created": "2023-08-23T10:26:15.697Z", "header": "About  Formula 1", "content": "Article about F1 world championship", "post_rating": 0}}, {"model": "news.post", "pk": 30, "fields": {"author": 1, "type_post": "NW", "date_created": "2023-08-23T10:28:52.314Z", "header": "News from Formula 1 world", "content": "Some news about F1, some news about F1, some news about F1", "post_rating": 0}}, {"model": "news.post", "pk": 31, "fields": {"author": 1, "type_post": "NW", "date_created": "2023-08-23T10:31:04.729Z", "header": "About Travel", "content": "Something about a trip around the world, something about a trip around the world,", "post_rating": 0}}, {"model": "news.post", "pk": 32, "fields": {"author": 1, "type_post": "NW", "date_created": "2023-08-23T10:32:51.032Z", "header": "News from the world of jazz", "content": "Some news from the world of jazz music, news from the world of jazz music", "post_rating": 0}}, {"model": "news.post", "pk": 33, "fields": {"author": 1, "type_post": "NW", "date_created": "2023-08-23T10:33:59.925Z", "header": "News from pop music", "content": "News from the world of pop music, News from the world of pop music", "post_rating": 0}}, {"model": "news.post", "pk": 34, "fields": {"author": 1, "type_post": "NW", "date_created": "2023-08-23T10:34:46.544Z", "header": "News from rock music", "content": "News from the world of rock music, News from the world of rock music music", "post_rating": 0}}, {"model": "news.post", "pk": 44, "fields": {"author": 1, "type_post": "AR", "date_created": "2023-08-24T14:02:44.327Z", "header": "Article about Hockey", "content": "Something about Hockey Championship 2023, something about Hockey Championship 2023", "post_rating": 0}}, {"model": "news.post", "pk": 46, "fields": {"author": 2, "type_post": "NW", "date_created": "2023-08-24T14:30:56.533Z", "header": "News from auto world", "content": "Some news about a new model from Honda, Some news about a new model from Honda", "post_rating": 0}}, {"model": "news.post", "pk": 47, "fields": {"author": 2, "type_post": "NW", "date_created": "2023-08-28T08:49:58.807Z", "header": "About Travel_3", "content": "News about a travel_3, News about a travel_3, News about a travel_3", "post_rating": 0}}, {"model": "news.post", "pk": 86, "fields": {"author": 2, "type_post": "NW", "date_created": "2023-09-07T07:38:25.327Z", "header": "economy2", "content": "economyeconomyeconomy", "post_rating": 0}}, {"model": "news.post", "pk": 87, "fields": {"author": 2, "type_post": "NW", "date_created": "2023-09-07T07:42:46.902Z", "header": "economy3", "content": "economyeconomyeconomyeconomy", "post_rating": 0}}, {"model": "news.post", "pk": 88, "fields": {"author": 1, "type_post": "NW", "date_created": "2023-09-07T08:11:40.762Z", "header": "economy4", "content": "economyeconomyeconomy", "post_rating": 0}}, {"model": "news.post", "pk": 89, "fields": {"author": 2, "type_post": "NW", "date_created": "2023-09-07T12:50:22.123Z", "header": "economy11", "content": "economyeconomyeconomyeconomy", "post_rating": 0}}, {"model": "news.post", "pk": 90, "fields": {"author": 2, "type_post": "NW", "date_created": "2023-09-08T11:13:22.578Z", "header": "economy111", "content": "economy111economy111economy111", "post_rating": 0}}, {"model": "news.post", "pk": 91, "fields": {"author": 2, "type_post": "NW", "date_created": "2023-09-08T12:12:06.690Z", "header": "economy122", "content": "economyeconomyeconomyeconomy", "post_rating": 0}}, {"model": "news.post", "pk": 92, "fields": {"author": 2, "type_post": "NW", "date_created": "2023-09-08T14:31:39.664Z", "header": "Article about Car_11", "content": "NEWSNEWSNEWSNEWSNEWSNEWSNEWS", "post_rating": 0}}, {"model": "news.post", "pk": 93, "fields": {"author": 2, "type_post": "NW", "date_created": "2023-09-13T09:53:58.045Z", "header": "economy10", "content": "economy10economy10economy10", "post_rating": 0}}, {"model": "news.post", "pk": 94, "fields": {"author": 2, "type_post": "NW", "date_created": "2023-09-13T10:13:52.889Z", "header": "Article about Car_222", "content": "Article about CarArticle about CarArticle about CarArticle about Car", "post_rating": 0}}, {"model": "news.postcategory", "pk": 1, "fields": {"post": 2, "category": 1}}, {"model": "news.postcategory", "pk": 4, "fields": {"post": 1, "category": 3}}, {"model": "news.postcategory", "pk": 6, "fields": {"post": 5, "category": 2}}, {"model": "news.postcategory", "pk": 10, "fields": {"post": 9, "category": 4}}, {"model": "news.postcategory", "pk": 19, "fields": {"post": 18, "category": 1}}, {"model": "news.postcategory", "pk": 21, "fields": {"post": 20, "category": 3}}, {"model": "news.postcategory", "pk": 22, "fields": {"post": 21, "category": 1}}, {"model": "news.postcategory", "pk": 24, "fields": {"post": 23, "category": 4}}, {"model": "news.postcategory", "pk": 25, "fields": {"post": 24, "category": 2}}, {"model": "news.postcategory", "pk": 26, "fields": {"post": 25, "category": 4}}, {"model": "news.postcategory", "pk": 27, "fields": {"post": 26, "category": 3}}, {"model": "news.postcategory", "pk": 28, "fields": {"post": 27, "category": 3}}, {"model": "news.postcategory", "pk": 29, "fields": {"post": 28, "category": 4}}, {"model": "news.postcategory", "pk": 30, "fields": {"post": 29, "category": 1}}, {"model": "news.postcategory", "pk": 31, "fields": {"post": 30, "category": 1}}, {"model": "news.postcategory", "pk": 32, "fields": {"post": 31, "category": 2}}, {"model": "news.postcategory", "pk": 33, "fields": {"post": 32, "category": 3}}, {"model": "news.postcategory", "pk": 34, "fields": {"post": 33, "category": 3}}, {"model": "news.postcategory", "pk": 35, "fields": {"post": 34, "category": 3}}, {"model": "news.postcategory", "pk": 45, "fields": {"post": 44, "category": 1}}, {"model": "news.postcategory", "pk": 47, "fields": {"post": 46, "category": 4}}, {"model": "news.postcategory", "pk": 48, "fields": {"post": 47, "category": 2}}, {"model": "news.postcategory", "pk": 63, "fields": {"post": 86, "category": 5}}, {"model": "news.postcategory", "pk": 64, "fields": {"post": 87, "category": 5}}, {"model": "news.postcategory", "pk": 65, "fields": {"post": 88, "category": 5}}, {"model": "news.postcategory", "pk": 66, "fields": {"post": 89, "category": 5}}, {"model": "news.postcategory", "pk": 67, "fields": {"post": 90, "category": 5}}, {"model": "news.postcategory", "pk": 68, "fields": {"post": 91, "category": 5}}, {"model": "news.postcategory", "pk": 69, "fields": {"post": 92, "category": 4}}, {"model": "news.postcategory", "pk": 70, "fields": {"post": 93, "category": 5}}, {"model": "news.postcategory", "pk": 71, "fields": {"post": 94, "category": 4}}, {"model": "news.comment", "pk": 1, "fields": {"comment_post": 1, "user": 1, "text": "Comment on the news about music", "comment_time": "2023-08-08T16:18:57.140Z", "comment_rating": 0}}, {"model": "news.comment", "pk": 2, "fields": {"comment_post": 2, "user": 1, "text": "Comment to article about sports from autor 1", "comment_time": "2023-08-09T14:51:54.334Z", "comment_rating": 0}}, {"model": "news.comment", "pk": 3, "fields": {"comment_post": 2, "user": 2, "text": "Small comment to article about sports from autor 1", "comment_time": "2023-08-09T14:55:07.362Z", "comment_rating": 2}}, {"model": "sites.site", "pk": 1, "fields": {"domain": "127.0.0.1", "name": "NewsPortal"}}, {"model": "account.emailaddress", "pk": 1, "fields": {"user": 4, "email": "haelgi42@gmail.com", "verified": true, "primary": true}}, {"model": "account.emailaddress", "pk": 3, "fields": {"user": 6, "email": "jan@example.com", "verified": false, "primary": true}}, {"model": "account.emailaddress", "pk": 4, "fields": {"user": 7, "email": "kate@example.com", "verified": false, "primary": true}}, {"model": "account.emailaddress", "pk": 6, "fields": {"user": 9, "email": "olegk18.09@gmail.com", "verified": true, "primary": true}}, {"model": "account.emailaddress", "pk": 9, "fields": {"user": 12, "email": "oleg18.09@mail.ru", "verified": true, "primary": true}}, {"model": "account.emailaddress", "pk": 10, "fields": {"user": 2, "email": "billi@example.com", "verified": true, "primary": true}}, {"model": "account.emailaddress", "pk": 11, "fields": {"user": 13, "email": "vrem.kod@yandex.ru", "verified": true, "primary": true}}, {"model": "account.emailaddress", "pk": 13, "fields": {"user": 17, "email": "okonda2020@outlook.com", "verified": false, "primary": true}}, {"model": "account.emailaddress", "pk": 15, "fields": {"user": 16, "email": "okonda2020@outlook.com", "verified": false, "primary": false}}, {"model": "account.emailaddress", "pk": 16, "fields": {"user": 20, "email": "okonda2020@outlook.com", "verified": true, "primary": true}}, {"model": "socialaccount.socialapp", "pk": 1, "fields": {"provider": "google", "provider_id": "", "name": "Google", "client_id": "1089152688373-hl8m4tk5g3d6g4ob24egd8s48f765mcf.apps.googleusercontent.com", "secret": "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", "key": "", "settings": {}, "sites": [1]}}, {"model": "socialaccount.socialaccount", "pk": 1, "fields": {"user": 4, "provider": "google", "uid": "100387496908302469005", "last_login": "2023-08-28T14:41:39.654Z", "date_joined": "2023-08-28T14:41:39.654Z", "extra_data": "{\"iss\": \"https://accounts.google.com\", \"azp\": \"1089152688373-hl8m4tk5g3d6g4ob24egd8s48f765mcf.apps.googleusercontent.com\", \"aud\": \"1089152688373-hl8m4tk5g3d6g4ob24egd8s48f765mcf.apps.googleusercontent.com\", \"sub\": \"100387496908302469005\", \"email\": \"haelgi42@gmail.com\", \"email_verified\": true, \"at_hash\": \"WHh3WMz-_rHqLjpZZCJ4QQ\", \"name\": \"Oleg\", \"picture\": \"https://lh3.googleusercontent.com/a/AAcHTtcGLnhe2zvQBSAUgwEAloGfVE_rBRk_-cClSNtzmc-N=s96-c\", \"given_name\": \"Oleg\", \"locale\": \"ru\", \"iat\": 1693233700, \"exp\": 1693237300}"}}, {"model": "socialaccount.socialaccount", "pk": 2, "fields": {"user": 9, "provider": "google", "uid": "103045714358433332506", "last_login": "2023-09-05T18:23:24.085Z", "date_joined": "2023-09-05T18:23:24.086Z", "extra_data": "{\"iss\": \"https://accounts.google.com\", \"azp\": \"1089152688373-hl8m4tk5g3d6g4ob24egd8s48f765mcf.apps.googleusercontent.com\", \"aud\": \"1089152688373-hl8m4tk5g3d6g4ob24egd8s48f765mcf.apps.googleusercontent.com\", \"sub\": \"103045714358433332506\", \"email\": \"olegk18.09@gmail.com\", \"email_verified\": true, \"at_hash\": \"nT8nr_HpHT8ZJx65n1dDvw\", \"name\": \"OleG \\u041a\", \"picture\": \"https://lh3.googleusercontent.com/a/AAcHTtfZsyVoQnvh9INCnLwbKXltMpbM4BTX1ni3GI0V_Nq5=s96-c\", \"given_name\": \"OleG\", \"family_name\": \"\\u041a\", \"locale\": \"ru\", \"iat\": 1693938203, \"exp\": 1693941803}"}}, {"model": "django_apscheduler.djangojob", "pk": "delete_old_job_executions", "fields": {"next_run_time": "2023-09-10T22:00:00Z", "job_state": "gAWVWQQAAAAAAAB9lCiMB3ZlcnNpb26USwGMAmlklIwZZGVsZXRlX29sZF9qb2JfZXhlY3V0aW9uc5SMBGZ1bmOUjEFuZXdzLm1hbmFnZW1lbnQuY29tbWFuZHMucnVuYXBzY2hlZHVsZXI6ZGVsZXRlX29sZF9qb2JfZXhlY3V0aW9uc5SMB3RyaWdnZXKUjBlhcHNjaGVkdWxlci50cmlnZ2Vycy5jcm9ulIwLQ3JvblRyaWdnZXKUk5QpgZR9lChoAUsCjAh0aW1lem9uZZSMCGJ1aWx0aW5zlIwHZ2V0YXR0cpSTlIwIem9uZWluZm+UjAhab25lSW5mb5STlIwJX3VucGlja2xllIaUUpSMDUV1cm9wZS9XYXJzYXeUSwGGlFKUjApzdGFydF9kYXRllE6MCGVuZF9kYXRllE6MBmZpZWxkc5RdlCiMIGFwc2NoZWR1bGVyLnRyaWdnZXJzLmNyb24uZmllbGRzlIwJQmFzZUZpZWxklJOUKYGUfZQojARuYW1llIwEeWVhcpSMCmlzX2RlZmF1bHSUiIwLZXhwcmVzc2lvbnOUXZSMJWFwc2NoZWR1bGVyLnRyaWdnZXJzLmNyb24uZXhwcmVzc2lvbnOUjA1BbGxFeHByZXNzaW9ulJOUKYGUfZSMBHN0ZXCUTnNiYXViaB2MCk1vbnRoRmllbGSUk5QpgZR9lChoIowFbW9udGiUaCSIaCVdlGgpKYGUfZRoLE5zYmF1YmgdjA9EYXlPZk1vbnRoRmllbGSUk5QpgZR9lChoIowDZGF5lGgkiGglXZRoKSmBlH2UaCxOc2JhdWJoHYwJV2Vla0ZpZWxklJOUKYGUfZQoaCKMBHdlZWuUaCSIaCVdlGgpKYGUfZRoLE5zYmF1YmgdjA5EYXlPZldlZWtGaWVsZJSTlCmBlH2UKGgijAtkYXlfb2Zfd2Vla5RoJIloJV2UaCeMFldlZWtkYXlSYW5nZUV4cHJlc3Npb26Uk5QpgZR9lChoLE6MBWZpcnN0lEsAjARsYXN0lEsAdWJhdWJoHymBlH2UKGgijARob3VylGgkiWglXZRoJ4wPUmFuZ2VFeHByZXNzaW9ulJOUKYGUfZQoaCxOaE9LAGhQSwB1YmF1YmgfKYGUfZQoaCKMBm1pbnV0ZZRoJIloJV2UaFYpgZR9lChoLE5oT0sAaFBLAHViYXViaB8pgZR9lChoIowGc2Vjb25klGgkiGglXZRoVimBlH2UKGgsTmhPSwBoUEsAdWJhdWJljAZqaXR0ZXKUTnVijAhleGVjdXRvcpSMB2RlZmF1bHSUjARhcmdzlCmMBmt3YXJnc5R9lGgiaAOMEm1pc2ZpcmVfZ3JhY2VfdGltZZRLAYwIY29hbGVzY2WUiIwNbWF4X2luc3RhbmNlc5RLAYwNbmV4dF9ydW5fdGltZZSMCGRhdGV0aW1llIwIZGF0ZXRpbWWUk5RDCgfnCQsAAAAAAACUaBiGlFKUdS4="}}, {"model": "django_apscheduler.djangojob", "pk": "my_job", "fields": {"next_run_time": "2023-09-08T14:33:00Z", "job_state": "gAWV1gMAAAAAAAB9lCiMB3ZlcnNpb26USwGMAmlklIwGbXlfam9ilIwEZnVuY5SMLm5ld3MubWFuYWdlbWVudC5jb21tYW5kcy5ydW5hcHNjaGVkdWxlcjpteV9qb2KUjAd0cmlnZ2VylIwZYXBzY2hlZHVsZXIudHJpZ2dlcnMuY3JvbpSMC0Nyb25UcmlnZ2VylJOUKYGUfZQoaAFLAowIdGltZXpvbmWUjAhidWlsdGluc5SMB2dldGF0dHKUk5SMCHpvbmVpbmZvlIwIWm9uZUluZm+Uk5SMCV91bnBpY2tsZZSGlFKUjA1FdXJvcGUvV2Fyc2F3lEsBhpRSlIwKc3RhcnRfZGF0ZZROjAhlbmRfZGF0ZZROjAZmaWVsZHOUXZQojCBhcHNjaGVkdWxlci50cmlnZ2Vycy5jcm9uLmZpZWxkc5SMCUJhc2VGaWVsZJSTlCmBlH2UKIwEbmFtZZSMBHllYXKUjAppc19kZWZhdWx0lIiMC2V4cHJlc3Npb25zlF2UjCVhcHNjaGVkdWxlci50cmlnZ2Vycy5jcm9uLmV4cHJlc3Npb25zlIwNQWxsRXhwcmVzc2lvbpSTlCmBlH2UjARzdGVwlE5zYmF1YmgdjApNb250aEZpZWxklJOUKYGUfZQoaCKMBW1vbnRolGgkiGglXZRoKSmBlH2UaCxOc2JhdWJoHYwPRGF5T2ZNb250aEZpZWxklJOUKYGUfZQoaCKMA2RheZRoJIhoJV2UaCkpgZR9lGgsTnNiYXViaB2MCVdlZWtGaWVsZJSTlCmBlH2UKGgijAR3ZWVrlGgkiGglXZRoKSmBlH2UaCxOc2JhdWJoHYwORGF5T2ZXZWVrRmllbGSUk5QpgZR9lChoIowLZGF5X29mX3dlZWuUaCSIaCVdlGgpKYGUfZRoLE5zYmF1YmgfKYGUfZQoaCKMBGhvdXKUaCSIaCVdlGgpKYGUfZRoLE5zYmF1YmgfKYGUfZQoaCKMBm1pbnV0ZZRoJIhoJV2UaCkpgZR9lGgsTnNiYXViaB8pgZR9lChoIowGc2Vjb25klGgkiWglXZRoKSmBlH2UaCxLHnNiYXViZYwGaml0dGVylE51YowIZXhlY3V0b3KUjAdkZWZhdWx0lIwEYXJnc5QpjAZrd2FyZ3OUfZRoImgDjBJtaXNmaXJlX2dyYWNlX3RpbWWUSwGMCGNvYWxlc2NllIiMDW1heF9pbnN0YW5jZXOUSwGMDW5leHRfcnVuX3RpbWWUjAhkYXRldGltZZSMCGRhdGV0aW1llJOUQwoH5wkIECEAAAAAlGgYhpRSlHUu"}}, {"model": "django_apscheduler.djangojobexecution", "pk": 1, "fields": {"job": "my_job", "status": "Error!", "run_time": "2023-09-08T12:23:30Z", "duration": "0.07", "finished": "1694175810.07", "exception": "Cannot resolve keyword 'time_create' into field. Choices are: author, author_id, comment, content, date_created, header, id, post_category, post_rating, postcategory, type_post", "traceback": "  File \"C:\\Users\\okond\\PycharmProjects\\DjangoProject\\venv\\Lib\\site-packages\\apscheduler\\executors\\base.py\", line 125, in run_job\n    retval = job.func(*job.args, **job.kwargs)\n             ^^^^^^^^^^^^^^^^^^^^^^^^^^^^^^^^^\n  File \"C:\\Users\\okond\\PycharmProjects\\DjangoProject\\NewsPaper\\news\\management\\commands\\runapscheduler.py\", line 22, in my_job\n    posts = Post.objects.filter(time_create__gte=last_week)\n            ^^^^^^^^^^^^^^^^^^^^^^^^^^^^^^^^^^^^^^^^^^^^^^^\n  File \"C:\\Users\\okond\\PycharmProjects\\DjangoProject\\venv\\Lib\\site-packages\\django\\db\\models\\manager.py\", line 87, in manager_method\n    return getattr(self.get_queryset(), name)(*args, **kwargs)\n           ^^^^^^^^^^^^^^^^^^^^^^^^^^^^^^^^^^^^^^^^^^^^^^^^^^^\n  File \"C:\\Users\\okond\\PycharmProjects\\DjangoProject\\venv\\Lib\\site-packages\\django\\db\\models\\query.py\", line 1436, in filter\n    return self._filter_or_exclude(False, args, kwargs)\n           ^^^^^^^^^^^^^^^^^^^^^^^^^^^^^^^^^^^^^^^^^^^^\n  File \"C:\\Users\\okond\\PycharmProjects\\DjangoProject\\venv\\Lib\\site-packages\\django\\db\\models\\query.py\", line 1454, in _filter_or_exclude\n    clone._filter_or_exclude_inplace(negate, args, kwargs)\n  File \"C:\\Users\\okond\\PycharmProjects\\DjangoProject\\venv\\Lib\\site-packages\\django\\db\\models\\query.py\", line 1461, in _filter_or_exclude_inplace\n    self._query.add_q(Q(*args, **kwargs))\n  File \"C:\\Users\\okond\\PycharmProjects\\DjangoProject\\venv\\Lib\\site-packages\\django\\db\\models\\sql\\query.py\", line 1545, in add_q\n    clause, _ = self._add_q(q_object, self.used_aliases)\n                ^^^^^^^^^^^^^^^^^^^^^^^^^^^^^^^^^^^^^^^^\n  File \"C:\\Users\\okond\\PycharmProjects\\DjangoProject\\venv\\Lib\\site-packages\\django\\db\\models\\sql\\query.py\", line 1576, in _add_q\n    child_clause, needed_inner = self.build_filter(\n                                 ^^^^^^^^^^^^^^^^^^\n  File \"C:\\Users\\okond\\PycharmProjects\\DjangoProject\\venv\\Lib\\site-packages\\django\\db\\models\\sql\\query.py\", line 1426, in build_filter\n    lookups, parts, reffed_expression = self.solve_lookup_type(arg, summarize)\n                                        ^^^^^^^^^^^^^^^^^^^^^^^^^^^^^^^^^^^^^^\n  File \"C:\\Users\\okond\\PycharmProjects\\DjangoProject\\venv\\Lib\\site-packages\\django\\db\\models\\sql\\query.py\", line 1236, in solve_lookup_type\n    _, field, _, lookup_parts = self.names_to_path(lookup_splitted, self.get_meta())\n                                ^^^^^^^^^^^^^^^^^^^^^^^^^^^^^^^^^^^^^^^^^^^^^^^^^^^^\n  File \"C:\\Users\\okond\\PycharmProjects\\DjangoProject\\venv\\Lib\\site-packages\\django\\db\\models\\sql\\query.py\", line 1724, in names_to_path\n    raise FieldError(\n"}}, {"model": "django_apscheduler.djangojobexecution", "pk": 2, "fields": {"job": "my_job", "status": "Error!", "run_time": "2023-09-08T12:24:00Z", "duration": "0.03", "finished": "1694175840.03", "exception": "Cannot resolve keyword 'time_create' into field. Choices are: author, author_id, comment, content, date_created, header, id, post_category, post_rating, postcategory, type_post", "traceback": "  File \"C:\\Users\\okond\\PycharmProjects\\DjangoProject\\venv\\Lib\\site-packages\\apscheduler\\executors\\base.py\", line 125, in run_job\n    retval = job.func(*job.args, **job.kwargs)\n             ^^^^^^^^^^^^^^^^^^^^^^^^^^^^^^^^^\n  File \"C:\\Users\\okond\\PycharmProjects\\DjangoProject\\NewsPaper\\news\\management\\commands\\runapscheduler.py\", line 22, in my_job\n    posts = Post.objects.filter(time_create__gte=last_week)\n            ^^^^^^^^^^^^^^^^^^^^^^^^^^^^^^^^^^^^^^^^^^^^^^^\n  File \"C:\\Users\\okond\\PycharmProjects\\DjangoProject\\venv\\Lib\\site-packages\\django\\db\\models\\manager.py\", line 87, in manager_method\n    return getattr(self.get_queryset(), name)(*args, **kwargs)\n           ^^^^^^^^^^^^^^^^^^^^^^^^^^^^^^^^^^^^^^^^^^^^^^^^^^^\n  File \"C:\\Users\\okond\\PycharmProjects\\DjangoProject\\venv\\Lib\\site-packages\\django\\db\\models\\query.py\", line 1436, in filter\n    return self._filter_or_exclude(False, args, kwargs)\n           ^^^^^^^^^^^^^^^^^^^^^^^^^^^^^^^^^^^^^^^^^^^^\n  File \"C:\\Users\\okond\\PycharmProjects\\DjangoProject\\venv\\Lib\\site-packages\\django\\db\\models\\query.py\", line 1454, in _filter_or_exclude\n    clone._filter_or_exclude_inplace(negate, args, kwargs)\n  File \"C:\\Users\\okond\\PycharmProjects\\DjangoProject\\venv\\Lib\\site-packages\\django\\db\\models\\query.py\", line 1461, in _filter_or_exclude_inplace\n    self._query.add_q(Q(*args, **kwargs))\n  File \"C:\\Users\\okond\\PycharmProjects\\DjangoProject\\venv\\Lib\\site-packages\\django\\db\\models\\sql\\query.py\", line 1545, in add_q\n    clause, _ = self._add_q(q_object, self.used_aliases)\n                ^^^^^^^^^^^^^^^^^^^^^^^^^^^^^^^^^^^^^^^^\n  File \"C:\\Users\\okond\\PycharmProjects\\DjangoProject\\venv\\Lib\\site-packages\\django\\db\\models\\sql\\query.py\", line 1576, in _add_q\n    child_clause, needed_inner = self.build_filter(\n                                 ^^^^^^^^^^^^^^^^^^\n  File \"C:\\Users\\okond\\PycharmProjects\\DjangoProject\\venv\\Lib\\site-packages\\django\\db\\models\\sql\\query.py\", line 1426, in build_filter\n    lookups, parts, reffed_expression = self.solve_lookup_type(arg, summarize)\n                                        ^^^^^^^^^^^^^^^^^^^^^^^^^^^^^^^^^^^^^^\n  File \"C:\\Users\\okond\\PycharmProjects\\DjangoProject\\venv\\Lib\\site-packages\\django\\db\\models\\sql\\query.py\", line 1236, in solve_lookup_type\n    _, field, _, lookup_parts = self.names_to_path(lookup_splitted, self.get_meta())\n                                ^^^^^^^^^^^^^^^^^^^^^^^^^^^^^^^^^^^^^^^^^^^^^^^^^^^^\n  File \"C:\\Users\\okond\\PycharmProjects\\DjangoProject\\venv\\Lib\\site-packages\\django\\db\\models\\sql\\query.py\", line 1724, in names_to_path\n    raise FieldError(\n"}}, {"model": "django_apscheduler.djangojobexecution", "pk": 3, "fields": {"job": "my_job", "status": "Error!", "run_time": "2023-09-08T12:24:30Z", "duration": "0.03", "finished": "1694175870.03", "exception": "Cannot resolve keyword 'time_create' into field. Choices are: author, author_id, comment, content, date_created, header, id, post_category, post_rating, postcategory, type_post", "traceback": "  File \"C:\\Users\\okond\\PycharmProjects\\DjangoProject\\venv\\Lib\\site-packages\\apscheduler\\executors\\base.py\", line 125, in run_job\n    retval = job.func(*job.args, **job.kwargs)\n             ^^^^^^^^^^^^^^^^^^^^^^^^^^^^^^^^^\n  File \"C:\\Users\\okond\\PycharmProjects\\DjangoProject\\NewsPaper\\news\\management\\commands\\runapscheduler.py\", line 22, in my_job\n    posts = Post.objects.filter(time_create__gte=last_week)\n            ^^^^^^^^^^^^^^^^^^^^^^^^^^^^^^^^^^^^^^^^^^^^^^^\n  File \"C:\\Users\\okond\\PycharmProjects\\DjangoProject\\venv\\Lib\\site-packages\\django\\db\\models\\manager.py\", line 87, in manager_method\n    return getattr(self.get_queryset(), name)(*args, **kwargs)\n           ^^^^^^^^^^^^^^^^^^^^^^^^^^^^^^^^^^^^^^^^^^^^^^^^^^^\n  File \"C:\\Users\\okond\\PycharmProjects\\DjangoProject\\venv\\Lib\\site-packages\\django\\db\\models\\query.py\", line 1436, in filter\n    return self._filter_or_exclude(False, args, kwargs)\n           ^^^^^^^^^^^^^^^^^^^^^^^^^^^^^^^^^^^^^^^^^^^^\n  File \"C:\\Users\\okond\\PycharmProjects\\DjangoProject\\venv\\Lib\\site-packages\\django\\db\\models\\query.py\", line 1454, in _filter_or_exclude\n    clone._filter_or_exclude_inplace(negate, args, kwargs)\n  File \"C:\\Users\\okond\\PycharmProjects\\DjangoProject\\venv\\Lib\\site-packages\\django\\db\\models\\query.py\", line 1461, in _filter_or_exclude_inplace\n    self._query.add_q(Q(*args, **kwargs))\n  File \"C:\\Users\\okond\\PycharmProjects\\DjangoProject\\venv\\Lib\\site-packages\\django\\db\\models\\sql\\query.py\", line 1545, in add_q\n    clause, _ = self._add_q(q_object, self.used_aliases)\n                ^^^^^^^^^^^^^^^^^^^^^^^^^^^^^^^^^^^^^^^^\n  File \"C:\\Users\\okond\\PycharmProjects\\DjangoProject\\venv\\Lib\\site-packages\\django\\db\\models\\sql\\query.py\", line 1576, in _add_q\n    child_clause, needed_inner = self.build_filter(\n                                 ^^^^^^^^^^^^^^^^^^\n  File \"C:\\Users\\okond\\PycharmProjects\\DjangoProject\\venv\\Lib\\site-packages\\django\\db\\models\\sql\\query.py\", line 1426, in build_filter\n    lookups, parts, reffed_expression = self.solve_lookup_type(arg, summarize)\n                                        ^^^^^^^^^^^^^^^^^^^^^^^^^^^^^^^^^^^^^^\n  File \"C:\\Users\\okond\\PycharmProjects\\DjangoProject\\venv\\Lib\\site-packages\\django\\db\\models\\sql\\query.py\", line 1236, in solve_lookup_type\n    _, field, _, lookup_parts = self.names_to_path(lookup_splitted, self.get_meta())\n                                ^^^^^^^^^^^^^^^^^^^^^^^^^^^^^^^^^^^^^^^^^^^^^^^^^^^^\n  File \"C:\\Users\\okond\\PycharmProjects\\DjangoProject\\venv\\Lib\\site-packages\\django\\db\\models\\sql\\query.py\", line 1724, in names_to_path\n    raise FieldError(\n"}}, {"model": "django_apscheduler.djangojobexecution", "pk": 4, "fields": {"job": "my_job", "status": "Error!", "run_time": "2023-09-08T12:25:00Z", "duration": "0.03", "finished": "1694175900.03", "exception": "Cannot resolve keyword 'time_create' into field. Choices are: author, author_id, comment, content, date_created, header, id, post_category, post_rating, postcategory, type_post", "traceback": "  File \"C:\\Users\\okond\\PycharmProjects\\DjangoProject\\venv\\Lib\\site-packages\\apscheduler\\executors\\base.py\", line 125, in run_job\n    retval = job.func(*job.args, **job.kwargs)\n             ^^^^^^^^^^^^^^^^^^^^^^^^^^^^^^^^^\n  File \"C:\\Users\\okond\\PycharmProjects\\DjangoProject\\NewsPaper\\news\\management\\commands\\runapscheduler.py\", line 22, in my_job\n    posts = Post.objects.filter(time_create__gte=last_week)\n            ^^^^^^^^^^^^^^^^^^^^^^^^^^^^^^^^^^^^^^^^^^^^^^^\n  File \"C:\\Users\\okond\\PycharmProjects\\DjangoProject\\venv\\Lib\\site-packages\\django\\db\\models\\manager.py\", line 87, in manager_method\n    return getattr(self.get_queryset(), name)(*args, **kwargs)\n           ^^^^^^^^^^^^^^^^^^^^^^^^^^^^^^^^^^^^^^^^^^^^^^^^^^^\n  File \"C:\\Users\\okond\\PycharmProjects\\DjangoProject\\venv\\Lib\\site-packages\\django\\db\\models\\query.py\", line 1436, in filter\n    return self._filter_or_exclude(False, args, kwargs)\n           ^^^^^^^^^^^^^^^^^^^^^^^^^^^^^^^^^^^^^^^^^^^^\n  File \"C:\\Users\\okond\\PycharmProjects\\DjangoProject\\venv\\Lib\\site-packages\\django\\db\\models\\query.py\", line 1454, in _filter_or_exclude\n    clone._filter_or_exclude_inplace(negate, args, kwargs)\n  File \"C:\\Users\\okond\\PycharmProjects\\DjangoProject\\venv\\Lib\\site-packages\\django\\db\\models\\query.py\", line 1461, in _filter_or_exclude_inplace\n    self._query.add_q(Q(*args, **kwargs))\n  File \"C:\\Users\\okond\\PycharmProjects\\DjangoProject\\venv\\Lib\\site-packages\\django\\db\\models\\sql\\query.py\", line 1545, in add_q\n    clause, _ = self._add_q(q_object, self.used_aliases)\n                ^^^^^^^^^^^^^^^^^^^^^^^^^^^^^^^^^^^^^^^^\n  File \"C:\\Users\\okond\\PycharmProjects\\DjangoProject\\venv\\Lib\\site-packages\\django\\db\\models\\sql\\query.py\", line 1576, in _add_q\n    child_clause, needed_inner = self.build_filter(\n                                 ^^^^^^^^^^^^^^^^^^\n  File \"C:\\Users\\okond\\PycharmProjects\\DjangoProject\\venv\\Lib\\site-packages\\django\\db\\models\\sql\\query.py\", line 1426, in build_filter\n    lookups, parts, reffed_expression = self.solve_lookup_type(arg, summarize)\n                                        ^^^^^^^^^^^^^^^^^^^^^^^^^^^^^^^^^^^^^^\n  File \"C:\\Users\\okond\\PycharmProjects\\DjangoProject\\venv\\Lib\\site-packages\\django\\db\\models\\sql\\query.py\", line 1236, in solve_lookup_type\n    _, field, _, lookup_parts = self.names_to_path(lookup_splitted, self.get_meta())\n                                ^^^^^^^^^^^^^^^^^^^^^^^^^^^^^^^^^^^^^^^^^^^^^^^^^^^^\n  File \"C:\\Users\\okond\\PycharmProjects\\DjangoProject\\venv\\Lib\\site-packages\\django\\db\\models\\sql\\query.py\", line 1724, in names_to_path\n    raise FieldError(\n"}}, {"model": "django_apscheduler.djangojobexecution", "pk": 5, "fields": {"job": "my_job", "status": "Error!", "run_time": "2023-09-08T12:32:30Z", "duration": "0.01", "finished": "1694176350.01", "exception": "Cannot resolve keyword 'category' into field. Choices are: author, author_id, comment, content, date_created, header, id, post_category, post_rating, postcategory, type_post", "traceback": "  File \"C:\\Users\\okond\\PycharmProjects\\DjangoProject\\venv\\Lib\\site-packages\\apscheduler\\executors\\base.py\", line 125, in run_job\n    retval = job.func(*job.args, **job.kwargs)\n             ^^^^^^^^^^^^^^^^^^^^^^^^^^^^^^^^^\n  File \"C:\\Users\\okond\\PycharmProjects\\DjangoProject\\NewsPaper\\news\\management\\commands\\runapscheduler.py\", line 23, in my_job\n    categories = set(posts.values_list('category__category_name', flat=True))\n                     ^^^^^^^^^^^^^^^^^^^^^^^^^^^^^^^^^^^^^^^^^^^^^^^^^^^^^^^\n  File \"C:\\Users\\okond\\PycharmProjects\\DjangoProject\\venv\\Lib\\site-packages\\django\\db\\models\\query.py\", line 1345, in values_list\n    clone = self._values(*_fields, **expressions)\n            ^^^^^^^^^^^^^^^^^^^^^^^^^^^^^^^^^^^^^\n  File \"C:\\Users\\okond\\PycharmProjects\\DjangoProject\\venv\\Lib\\site-packages\\django\\db\\models\\query.py\", line 1308, in _values\n    clone.query.set_values(fields)\n  File \"C:\\Users\\okond\\PycharmProjects\\DjangoProject\\venv\\Lib\\site-packages\\django\\db\\models\\sql\\query.py\", line 2460, in set_values\n    self.add_fields(field_names, True)\n  File \"C:\\Users\\okond\\PycharmProjects\\DjangoProject\\venv\\Lib\\site-packages\\django\\db\\models\\sql\\query.py\", line 2161, in add_fields\n    join_info = self.setup_joins(\n                ^^^^^^^^^^^^^^^^^\n  File \"C:\\Users\\okond\\PycharmProjects\\DjangoProject\\venv\\Lib\\site-packages\\django\\db\\models\\sql\\query.py\", line 1823, in setup_joins\n    path, final_field, targets, rest = self.names_to_path(\n                                       ^^^^^^^^^^^^^^^^^^^\n  File \"C:\\Users\\okond\\PycharmProjects\\DjangoProject\\venv\\Lib\\site-packages\\django\\db\\models\\sql\\query.py\", line 1724, in names_to_path\n    raise FieldError(\n"}}, {"model": "django_apscheduler.djangojobexecution", "pk": 6, "fields": {"job": "my_job", "status": "Error!", "run_time": "2023-09-08T12:39:30Z", "duration": "0.04", "finished": "1694176770.04", "exception": "Cannot resolve keyword 'name' into field. Choices are: category_name, id, post, postcategory, subscribers", "traceback": "  File \"C:\\Users\\okond\\PycharmProjects\\DjangoProject\\venv\\Lib\\site-packages\\apscheduler\\executors\\base.py\", line 125, in run_job\n    retval = job.func(*job.args, **job.kwargs)\n             ^^^^^^^^^^^^^^^^^^^^^^^^^^^^^^^^^\n  File \"C:\\Users\\okond\\PycharmProjects\\DjangoProject\\NewsPaper\\news\\management\\commands\\runapscheduler.py\", line 25, in my_job\n    Category.objects.filter(name__in=categories).values_list('subscribers__email', flat=True))\n    ^^^^^^^^^^^^^^^^^^^^^^^^^^^^^^^^^^^^^^^^^^^^\n  File \"C:\\Users\\okond\\PycharmProjects\\DjangoProject\\venv\\Lib\\site-packages\\django\\db\\models\\manager.py\", line 87, in manager_method\n    return getattr(self.get_queryset(), name)(*args, **kwargs)\n           ^^^^^^^^^^^^^^^^^^^^^^^^^^^^^^^^^^^^^^^^^^^^^^^^^^^\n  File \"C:\\Users\\okond\\PycharmProjects\\DjangoProject\\venv\\Lib\\site-packages\\django\\db\\models\\query.py\", line 1436, in filter\n    return self._filter_or_exclude(False, args, kwargs)\n           ^^^^^^^^^^^^^^^^^^^^^^^^^^^^^^^^^^^^^^^^^^^^\n  File \"C:\\Users\\okond\\PycharmProjects\\DjangoProject\\venv\\Lib\\site-packages\\django\\db\\models\\query.py\", line 1454, in _filter_or_exclude\n    clone._filter_or_exclude_inplace(negate, args, kwargs)\n  File \"C:\\Users\\okond\\PycharmProjects\\DjangoProject\\venv\\Lib\\site-packages\\django\\db\\models\\query.py\", line 1461, in _filter_or_exclude_inplace\n    self._query.add_q(Q(*args, **kwargs))\n  File \"C:\\Users\\okond\\PycharmProjects\\DjangoProject\\venv\\Lib\\site-packages\\django\\db\\models\\sql\\query.py\", line 1545, in add_q\n    clause, _ = self._add_q(q_object, self.used_aliases)\n                ^^^^^^^^^^^^^^^^^^^^^^^^^^^^^^^^^^^^^^^^\n  File \"C:\\Users\\okond\\PycharmProjects\\DjangoProject\\venv\\Lib\\site-packages\\django\\db\\models\\sql\\query.py\", line 1576, in _add_q\n    child_clause, needed_inner = self.build_filter(\n                                 ^^^^^^^^^^^^^^^^^^\n  File \"C:\\Users\\okond\\PycharmProjects\\DjangoProject\\venv\\Lib\\site-packages\\django\\db\\models\\sql\\query.py\", line 1426, in build_filter\n    lookups, parts, reffed_expression = self.solve_lookup_type(arg, summarize)\n                                        ^^^^^^^^^^^^^^^^^^^^^^^^^^^^^^^^^^^^^^\n  File \"C:\\Users\\okond\\PycharmProjects\\DjangoProject\\venv\\Lib\\site-packages\\django\\db\\models\\sql\\query.py\", line 1236, in solve_lookup_type\n    _, field, _, lookup_parts = self.names_to_path(lookup_splitted, self.get_meta())\n                                ^^^^^^^^^^^^^^^^^^^^^^^^^^^^^^^^^^^^^^^^^^^^^^^^^^^^\n  File \"C:\\Users\\okond\\PycharmProjects\\DjangoProject\\venv\\Lib\\site-packages\\django\\db\\models\\sql\\query.py\", line 1724, in names_to_path\n    raise FieldError(\n"}}, {"model": "django_apscheduler.djangojobexecution", "pk": 7, "fields": {"job": "my_job", "status": "Executed", "run_time": "2023-09-08T12:43:00Z", "duration": "2.50", "finished": "1694176982.50", "exception": null, "traceback": null}}, {"model": "django_apscheduler.djangojobexecution", "pk": 8, "fields": {"job": "my_job", "status": "Executed", "run_time": "2023-09-08T12:43:30Z", "duration": "2.23", "finished": "1694177012.23", "exception": null, "traceback": null}}, {"model": "django_apscheduler.djangojobexecution", "pk": 9, "fields": {"job": "my_job", "status": "Executed", "run_time": "2023-09-08T12:55:00Z", "duration": "2.58", "finished": "1694177702.58", "exception": null, "traceback": null}}, {"model": "django_apscheduler.djangojobexecution", "pk": 10, "fields": {"job": "my_job", "status": "Executed", "run_time": "2023-09-08T12:58:30Z", "duration": "2.71", "finished": "1694177912.71", "exception": null, "traceback": null}}, {"model": "django_apscheduler.djangojobexecution", "pk": 11, "fields": {"job": "my_job", "status": "Executed", "run_time": "2023-09-08T12:59:00Z", "duration": "2.88", "finished": "1694177942.88", "exception": null, "traceback": null}}, {"model": "django_apscheduler.djangojobexecution", "pk": 12, "fields": {"job": "my_job", "status": "Executed", "run_time": "2023-09-08T12:59:30Z", "duration": "2.64", "finished": "1694177972.64", "exception": null, "traceback": null}}, {"model": "django_apscheduler.djangojobexecution", "pk": 13, "fields": {"job": "my_job", "status": "Executed", "run_time": "2023-09-08T13:02:00Z", "duration": "3.03", "finished": "1694178123.03", "exception": null, "traceback": null}}, {"model": "django_apscheduler.djangojobexecution", "pk": 14, "fields": {"job": "my_job", "status": "Executed", "run_time": "2023-09-08T13:05:00Z", "duration": "2.50", "finished": "1694178302.50", "exception": null, "traceback": null}}, {"model": "django_apscheduler.djangojobexecution", "pk": 15, "fields": {"job": "my_job", "status": "Executed", "run_time": "2023-09-08T14:32:30Z", "duration": "2.67", "finished": "1694183552.67", "exception": null, "traceback": null}}]
